Id,Followers,Following,Retweet Count,is_retweet,is_mention,Betweenness,Degree,Closeness,Influence Score
ABPNews,13254113.0,37.0,17.0,0.0,0.0,5.864345949496251e-06,0.0029644268774703555,0.0029644268774703555,94002110.49464269
ZeeNewsEnglish,5652959.0,26.0,1.0,0.0,0.0,0.0,0.0009881422924901185,0.0009881422924901185,40092481.822665334
News18India,3094996.0,90.0,2.0,0.0,1.0,5.864345949496251e-06,0.0029644268774703555,0.0029644268774703555,21950757.85638669
AmarUjalaNews,2085040.0,86.0,1.0,0.0,0.0,0.0,0.0009881422924901185,0.0009881422924901185,14787847.763698328
tv9gujarati,912951.0,64.0,2.0,0.0,0.0,0.0,0.0009881422924901185,0.0009881422924901185,6475015.114557329
TheStudyofWar,581790.0,2761.0,1.5,0.0,0.0,0.0,0.0009881422924901185,0.0009881422924901185,4130499.636246329
TV9Bharatvarsh,230429.0,21.0,1.75,0.0,0.75,0.0,0.0009881422924901185,0.0009881422924901185,1634302.535859829
anjali_speak,105789.0,420.0,2.0,1.0,0.0,0.0,0.0009881422924901185,0.0009881422924901185,750936.8552713289
RajLaveena,89029.0,266.0,2.0,1.0,0.0,0.0,0.0009881422924901185,0.0009881422924901185,631831.6087213289
janrostowski,57341.0,457.0,73.0,1.0,0.0,0.0,0.0009881422924901185,0.0009881422924901185,407388.1703083291
HillBeverlyhill,34277.0,33173.0,56.0,1.0,0.0,0.0,0.0009881422924901185,0.0009881422924901185,294460.61765432905
kk131066,31488.0,26137.0,2.0,1.0,0.0,0.0,0.0009881422924901185,0.0009881422924901185,263786.2952133291
RebHarms,35262.0,3195.0,19.0,1.0,0.0,0.0,0.0009881422924901185,0.0009881422924901185,255035.18286732904
ob2133,23916.0,19889.0,81.0,1.0,0.0,0.0,0.0009881422924901185,0.0009881422924901185,200412.18751132904
s_szama,26005.0,7444.0,40.0,1.0,0.0,0.0,0.0009881422924901185,0.0009881422924901185,195960.36442732904
Bharat24Liv,23682.0,15.0,1.0,0.0,0.0,0.0,0.0009881422924901185,0.0009881422924901185,167982.93079932907
oneindiagujarat,22750.0,2027.0,0.0,0.0,0.0,0.0,0.0009881422924901185,0.0009881422924901185,164487.78123732904
AlCannistra,18141.0,18762.0,5.0,1.0,0.0,0.0,0.0009881422924901185,0.0009881422924901185,157707.87845532905
HeyIrish,16071.0,16418.0,11.0,1.0,0.0,0.0,0.0009881422924901185,0.0009881422924901185,139398.07870132904
FabioGhironi,18551.0,3534.0,1107.3333333333333,0.6666666666666666,0.3333333333333333,0.0,0.0009881422924901185,0.0009881422924901185,137062.84231932904
OfHomoSapiens,15670.0,14197.0,90.0,1.0,0.0,0.0,0.0009881422924901185,0.0009881422924901185,133117.22428732904
GueberB,15024.0,14399.0,0.0,0.0,0.0,0.0,0.0009881422924901185,0.0009881422924901185,128846.49917932905
Guate_Inmortal_,16869.0,1829.0,195.0,1.0,0.0,0.0,0.0009881422924901185,0.0009881422924901185,122475.43888432905
radiojud,14978.0,808.0,1.0,1.0,0.0,0.0,0.0009881422924901185,0.0009881422924901185,107479.29944232905
oUqXP4RXQRmPtlw,13883.0,5046.0,37.0,1.0,0.0,0.0,0.0009881422924901185,0.0009881422924901185,106275.05195332906
craigthomler,10683.0,10839.0,1.0,1.0,0.0,0.0,0.0009881422924901185,0.0009881422924901185,92547.44381232906
bo_chart,10698.0,10296.0,22.0,1.0,0.0,0.0,0.0009881422924901185,0.0009881422924901185,91813.60730832902
BrennpunktUA,12059.0,885.0,0.0,0.0,0.0,0.0,0.0009881422924901185,0.0009881422924901185,86896.08376432906
Chr_Steven_76,9569.0,9989.0,78.5,1.0,0.0,0.0,0.0009881422924901185,0.0009881422924901185,83332.27447532905
OrioliAlberto,9515.0,9713.0,66.0,1.0,0.0,0.0,0.0009881422924901185,0.0009881422924901185,82521.74554832904
CharlieInUtah,8844.0,9745.0,1.0,1.0,0.0,0.0,0.0009881422924901185,0.0009881422924901185,77811.03541532905
RAVIMISHRA_TV,9989.0,683.0,2.5,1.0,0.0,0.0,0.0009881422924901185,0.0009881422924901185,71902.36080932905
GeneralPutnam2,8306.0,7503.0,0.0,0.0,0.0,0.0,0.0009881422924901185,0.0009881422924901185,70524.39792532905
anchorjiya,9898.0,147.0,4.0,1.0,0.0,0.0,0.0009881422924901185,0.0009881422924901185,70427.18158532906
dsshake,8013.0,7845.0,0.0,0.0,0.5,0.0,0.0009881422924901185,0.0009881422924901185,68975.82508632905
futuredude,8089.0,6435.0,0.0,0.0,0.0,0.0,0.0009881422924901185,0.0009881422924901185,67331.94080432906
rsm3919,7739.0,7632.0,38.0,1.0,0.0,0.0,0.0009881422924901185,0.0009881422924901185,66703.55293732905
cucojose,7250.0,7917.0,20.5,1.0,0.0,0.0,0.0009881422924901185,0.0009881422924901185,63676.28978032905
1foreverseeking,7689.0,5906.0,2.0,1.0,0.0,0.0,0.0009881422924901185,0.0009881422924901185,63676.09030132905
naalsio26,8694.0,172.0,0.0,0.0,0.0,0.0,0.0009881422924901185,0.0009881422924901185,61926.683304329046
_Alaska_Nina,6481.0,6562.0,10.0,1.0,0.0,0.0,0.0009881422924901185,0.0009881422924901185,56124.35280532904
ramana1729,6151.0,6719.0,0.0,0.0,0.0,0.0,0.0009881422924901185,0.0009881422924901185,54026.75299032905
Luminaria98,5905.0,6502.0,0.0,0.0,1.0,0.0,0.0009881422924901185,0.0009881422924901185,51946.09927732905
Da_wild_west,5885.0,6291.0,19.0,1.0,0.0,0.0,0.0009881422924901185,0.0009881422924901185,51477.97928632905
News247gh,7149.0,2.0,0.0,0.0,0.0,0.0,0.0009881422924901185,0.0009881422924901185,50705.904269329054
generalklaus1,5979.0,4874.0,33.0,1.0,0.0,0.0,0.0009881422924901185,0.0009881422924901185,49951.20403732905
DopeyNortherner,6503.0,2080.0,0.0,0.0,0.0,0.0,0.0009881422924901185,0.0009881422924901185,49341.349081329055
tufkaa,5745.0,5327.0,8.0,1.0,0.0,0.0,0.0009881422924901185,0.0009881422924901185,48992.413040329055
EthicsSense,4846.0,4767.0,7.0,1.0,0.0,0.0,0.0009881422924901185,0.0009881422924901185,41749.45448732904
CheriB2022,4635.0,5040.0,9.0,1.0,0.0,0.0,0.0009881422924901185,0.0009881422924901185,40675.66767132905
debraalv,4609.0,5028.0,7.0,1.0,0.0,0.0,0.0009881422924901185,0.0009881422924901185,40472.64950132905
swatigar,5034.0,1005.0,41.0,1.0,0.0,0.0,0.0009881422924901185,0.0009881422924901185,37259.33822532905
Monstercoyliar,4165.0,4515.0,52.0,1.0,0.0,0.0,0.0009881422924901185,0.0009881422924901185,36530.383464329054
rosalindprestag,4063.0,4852.0,68.5,1.0,0.0,0.0,0.0009881422924901185,0.0009881422924901185,36329.033522329046
Chairman_Meowed,3835.0,4992.0,58.0,1.0,0.0,0.0,0.0009881422924901185,0.0009881422924901185,34928.518785329055
SmBMSUBronco,3820.0,5003.0,130.0,1.0,0.0,0.0,0.0009881422924901185,0.0009881422924901185,34840.62900732905
psu4joe,3880.0,4403.0,29.0,1.0,0.0,0.0,0.0009881422924901185,0.0009881422924901185,34335.218641329055
albafella1,3981.0,3481.0,1.0,0.0,0.0,0.0,0.0009881422924901185,0.0009881422924901185,33623.57163632905
MelanieLake,4053.0,2867.0,8.0,1.0,0.0,0.0,0.0009881422924901185,0.0009881422924901185,33183.79198432905
ungubunugu1274,3810.0,3458.0,2.0,1.0,0.0,0.0,0.0009881422924901185,0.0009881422924901185,32375.202314329046
MFaizanrkhan,3700.0,3748.0,19.0,1.0,0.0,0.0,0.0009881422924901185,0.0009881422924901185,32044.360916329046
Ewacg,3313.0,4942.0,260.5,1.0,0.0,0.0,0.0009881422924901185,0.0009881422924901185,31153.05415432905
itzmeakashmazz,4277.0,233.0,8.0,0.0,0.0,0.0,0.0009881422924901185,0.0009881422924901185,30694.625346329045
40Maurice,4189.0,452.0,5.0,1.0,0.0,0.0,0.0009881422924901185,0.0009881422924901185,30409.488469329044
George_Cochrane,3182.0,4992.0,4.0,1.0,0.0,0.0,0.0009881422924901185,0.0009881422924901185,30296.15277232905
KJamake,3130.0,4990.0,7.0,1.0,0.0,0.0,0.0009881422924901185,0.0009881422924901185,29924.31826432905
NNaranont,4176.0,87.0,77.0,1.0,0.0,0.0,0.0009881422924901185,0.0009881422924901185,29753.67699732905
raumunz,3071.0,4996.0,88.5,1.0,0.0,0.0,0.0009881422924901185,0.0009881422924901185,29516.820106329047
TheDogeSon1,3557.0,2712.0,0.0,0.0,0.0,0.0,0.0009881422924901185,0.0009881422924901185,29425.887863329048
Taro312,3012.0,5000.0,1.0,1.0,0.0,0.0,0.0009881422924901185,0.0009881422924901185,29102.78716432905
FroodyWisco,2979.0,4740.0,29.5,1.0,0.0,0.0,0.0009881422924901185,0.0009881422924901185,28466.801056329045
rams_stan,2865.0,5002.0,8.0,1.0,0.0,0.0,0.0009881422924901185,0.0009881422924901185,28063.458825329046
luqmanadil262,3554.0,1754.0,4.0,1.0,0.0,0.0,0.0009881422924901185,0.0009881422924901185,27921.559878329048
antipodal,2983.0,4000.0,0.0,0.0,1.0,0.0,0.0009881422924901185,0.0009881422924901185,27348.93532132905
LoriIllia,2708.0,5026.0,27.0,1.0,0.0,0.0,0.0009881422924901185,0.0009881422924901185,26987.511118329046
Bobduff1,2863.0,3386.0,7.0,1.0,0.0,0.0,0.0009881422924901185,0.0009881422924901185,25547.43541332905
kuronekococochi,2486.0,4972.0,16.0,1.0,0.0,0.0,0.0009881422924901185,0.0009881422924901185,25329.19789632905
theAndiL,2636.0,4197.0,97.0,1.0,0.0,0.0,0.0009881422924901185,0.0009881422924901185,25194.86974732905
artursorin,3283.0,1011.0,19.0,1.0,0.0,0.0,0.0009881422924901185,0.0009881422924901185,24849.574500329047
kingKalyan333,3015.0,2208.0,8.0,1.0,0.0,0.0,0.0009881422924901185,0.0009881422924901185,24801.757705329044
DoubleONAFO,2656.0,3697.0,29.5,1.0,0.0,0.0,0.0009881422924901185,0.0009881422924901185,24561.26475232905
SherBah46958042,2357.0,4956.0,5.0,1.0,0.0,0.0,0.0009881422924901185,0.0009881422924901185,24389.297813329045
FellaNafoFella,2816.0,2730.0,202.0,1.0,0.0,0.0,0.0009881422924901185,0.0009881422924901185,24202.475432329047
yume6tsumi0,2811.0,2547.0,3.0,0.5,0.5,0.0,0.0009881422924901185,0.0009881422924901185,23879.652748329045
2old4thishappy1,2262.0,5006.0,17.666666666666668,1.0,0.0,0.0,0.0009881422924901185,0.0009881422924901185,23793.195444329045
beansi50,2771.0,2289.0,24.0,1.0,0.0,0.0,0.0009881422924901185,0.0009881422924901185,23196.964304329045
PJKathmandu,2409.0,3848.0,38.333333333333336,1.0,0.0,0.0,0.0009881422924901185,0.0009881422924901185,23043.419509329047
kazooooya,2953.0,983.0,48.0,1.0,0.0,0.0,0.0009881422924901185,0.0009881422924901185,22466.359504329048
dee4peace,2700.0,2021.0,0.0,0.5,0.5,0.0,0.0009881422924901185,0.0009881422924901185,22278.01765732905
AccountableRep,2057.0,4903.0,155.0,1.0,0.0,0.0,0.0009881422924901185,0.0009881422924901185,22182.609598329047
hopedowdlist,2503.0,2834.0,0.0,0.0,0.0,0.0,0.0009881422924901185,0.0009881422924901185,22139.485951329047
a1a697fbd80147c,2449.0,2825.0,5.0,1.0,0.0,0.0,0.0009881422924901185,0.0009881422924901185,21742.67046432905
Rohtashmandan25,2004.0,4863.0,2.0,1.0,0.0,0.0,0.0009881422924901185,0.0009881422924901185,21741.678931329046
TheHardMan21,2288.0,3523.0,63.0,1.0,0.0,0.0,0.0009881422924901185,0.0009881422924901185,21682.603549329047
Lacrima666,1931.0,5002.0,130.0,1.0,0.0,0.0,0.0009881422924901185,0.0009881422924901185,21441.73937532905
FabianC__,2931.0,335.0,0.0,0.0,0.0,0.0,0.0009881422924901185,0.0009881422924901185,21306.14801032905
JakobiKirstin,1912.0,5001.0,7.0,1.0,0.0,0.0,0.0009881422924901185,0.0009881422924901185,21302.93509532905
BlueCollarBob30,2470.0,2307.0,2.0,1.0,0.0,0.0,0.0009881422924901185,0.0009881422924901185,21089.603289329047
JohnLocker4,2098.0,3937.0,0.0,0.0,0.0,0.0,0.0009881422924901185,0.0009881422924901185,20974.722251329047
HephaestusAngry,2149.0,3618.0,1.0,1.0,0.0,0.0,0.0009881422924901185,0.0009881422924901185,20842.58809532905
Sofhietje,1782.0,5001.0,5.0,1.0,0.0,0.0,0.0009881422924901185,0.0009881422924901185,20380.896313329045
johnanewquist,2282.0,2662.0,53.0,1.0,0.0,0.0,0.0009881422924901185,0.0009881422924901185,20306.884876329048
deweyjaci76,2142.0,3132.0,0.0,0.0,1.0,0.0,0.0009881422924901185,0.0009881422924901185,20040.51836832905
areyouscreening,2418.0,1778.0,7.0,1.0,0.0,0.0,0.0009881422924901185,0.0009881422924901185,19901.93178832905
accophoto,1857.0,4158.0,25.0,1.0,0.0,0.0,0.0009881422924901185,0.0009881422924901185,19608.130543329047
ACurrle,2091.0,3033.0,155.0,1.0,0.0,0.0,0.0009881422924901185,0.0009881422924901185,19528.69771032905
seaoflalune,2385.0,1487.0,51.0,1.0,0.0,0.0,0.0009881422924901185,0.0009881422924901185,19218.26823832905
powerfromspace1,1617.0,4999.0,63.666666666666664,0.6666666666666666,0.3333333333333333,0.0,0.0009881422924901185,0.0009881422924901185,19208.765290329047
By369Surrounded,2078.0,2857.0,83.0,1.0,0.0,0.0,0.0009881422924901185,0.0009881422924901185,19162.55770932905
ronaldobianque9,1562.0,5000.0,2.0,1.0,0.0,0.0,0.0009881422924901185,0.0009881422924901185,18818.98266032905
Wildraar,1558.0,5002.0,75.0,1.0,0.0,0.0,0.0009881422924901185,0.0009881422924901185,18795.19505632905
gavinbena,2482.0,558.0,1.0,1.0,0.0,0.0,0.0009881422924901185,0.0009881422924901185,18466.96736432905
KarolRynhart,2124.0,2051.0,13.0,1.0,0.0,0.0,0.0009881422924901185,0.0009881422924901185,18239.56603732905
aplusbequalsc,2210.0,1597.0,8.0,1.0,0.0,0.0,0.0009881422924901185,0.0009881422924901185,18146.539135329047
YouCanFoolMost,2506.0,240.0,1.0,1.0,0.0,0.0,0.0009881422924901185,0.0009881422924901185,18144.86910632905
OvertDefense,2525.0,127.0,0.0,0.0,0.0,0.0,0.0009881422924901185,0.0009881422924901185,18104.66081232905
wildmarshphoto,1459.0,5000.0,91.5,1.0,0.0,0.0,0.0009881422924901185,0.0009881422924901185,18090.297448329045
IiiLandon,2379.0,722.0,195.0,1.0,0.0,0.0,0.0009881422924901185,0.0009881422924901185,17994.305729329048
nadbeau,1429.0,5015.0,455.0,1.0,0.0,0.0,0.0009881422924901185,0.0009881422924901185,17908.14675432905
Scot_Proud1,1945.0,2560.0,1.0,0.0,0.0,0.0,0.0009881422924901185,0.0009881422924901185,17757.81233332905
Seb_St_Emilion,2031.0,2125.0,132.0,1.0,0.0,0.0,0.0009881422924901185,0.0009881422924901185,17696.96743232905
StepanGronk,2484.0,23.0,1.0,0.0,0.0,0.0,0.0009881422924901185,0.0009881422924901185,17652.88902532905
1hogfanwps11,1384.0,5007.0,67.0,1.0,0.0,0.0,0.0009881422924901185,0.0009881422924901185,17568.71408132905
terpsichore_los,1378.0,4986.0,33.0,1.0,0.0,0.0,0.0009881422924901185,0.0009881422924901185,17492.95730432905
Urfin_1648,2115.0,1507.0,345.0,1.0,0.0,0.0,0.0009881422924901185,0.0009881422924901185,17340.29395232905
Angela_Twenty2,1956.0,2113.0,19.0,1.0,0.0,0.0,0.0009881422924901185,0.0009881422924901185,17144.168499329047
Logic_357,1731.0,2931.0,100.0,1.0,0.0,0.0,0.0009881422924901185,0.0009881422924901185,16816.441390329048
alifaizan748,2355.0,47.0,19.0,1.0,0.0,0.0,0.0009881422924901185,0.0009881422924901185,16775.50517632905
queeniepng,1369.0,4447.0,152.0,0.5,0.5,0.0,0.0009881422924901185,0.0009881422924901185,16597.09229632905
GBrakourakis,1274.0,4735.0,4.0,1.0,0.0,0.0,0.0009881422924901185,0.0009881422924901185,16366.181893329049
Dora00057,1750.0,2545.0,50.0,1.0,0.0,0.0,0.0009881422924901185,0.0009881422924901185,16352.58982732905
cleary_clearly,1449.0,3844.0,195.0,1.0,0.0,0.0,0.0009881422924901185,0.0009881422924901185,16231.813149329051
morisyun0741,1217.0,4883.0,4.5,1.0,0.0,0.0,0.0009881422924901185,0.0009881422924901185,16191.05830532905
DonQuixote1950,1660.0,2806.0,1356.0,1.0,0.0,0.0,0.0009881422924901185,0.0009881422924901185,16144.92378832905
AleksandrX13,2063.0,952.0,321.0,1.0,0.0,0.0,0.0009881422924901185,0.0009881422924901185,16111.780387329049
MarciLeeMurray,1161.0,4987.0,0.0,0.0,0.0,0.0,0.0009881422924901185,0.0009881422924901185,15954.806460329051
LSUSA83,1786.0,2108.0,1.0,1.0,0.0,0.0,0.0009881422924901185,0.0009881422924901185,15930.37168632905
ViejAmarga,1781.0,2092.0,1.0,1.0,0.0,0.0,0.0009881422924901185,0.0009881422924901185,15870.13974132905
freejewellery,1359.0,3982.0,9.0,1.0,0.0,0.0,0.0009881422924901185,0.0009881422924901185,15803.367813329052
CorruptPunjab,1433.0,3454.0,897.0,1.0,0.0,0.0,0.0009881422924901185,0.0009881422924901185,15528.838903329051
pps43,1775.0,1816.0,0.0,0.0,0.0,0.0,0.0009881422924901185,0.0009881422924901185,15400.27485732905
cwl2017,1808.0,1633.0,10.0,1.0,0.0,0.0,0.0009881422924901185,0.0009881422924901185,15351.21162132905
FrRosbar,1171.0,4463.0,4.0,1.0,0.0,0.0,0.0009881422924901185,0.0009881422924901185,15214.57755432905
Goblinoid777,1531.0,2740.0,78.0,1.0,0.0,0.0,0.0009881422924901185,0.0009881422924901185,15101.83757332905
ShehabBawazeer2,1885.0,1060.0,0.5,0.0,0.0,0.0,0.0009881422924901185,0.0009881422924901185,15010.032080329049
Catz4maga,1108.0,4444.0,0.0,0.0,1.0,0.0,0.0009881422924901185,0.0009881422924901185,14738.26676632905
deltacrook,1897.0,768.0,195.0,1.0,0.0,0.0,0.0009881422924901185,0.0009881422924901185,14647.03563332905
tubegrrl,924.0,4968.0,78.5,1.0,0.0,0.0,0.0009881422924901185,0.0009881422924901185,14246.115235329049
Tian_A1,1815.0,886.0,0.0,0.0,0.0,0.0,0.0009881422924901185,0.0009881422924901185,14244.182427329051
MaximGromkij,1772.0,972.0,0.0,0.0,1.0,0.0,0.0009881422924901185,0.0009881422924901185,14072.35515832905
funkibloo,1411.0,2625.0,5.0,1.0,0.0,0.0,0.0009881422924901185,0.0009881422924901185,14071.239330329052
OkidokiSocial,1911.0,77.0,1.0,0.0,0.0,0.0,0.0009881422924901185,0.0009881422924901185,13672.60550632905
anil7kishan,1601.0,1384.0,25.0,1.0,0.0,0.0,0.0009881422924901185,0.0009881422924901185,13497.92156532905
ArthurLandon,1730.0,631.0,0.0,0.0,0.0,0.0,0.0009881422924901185,0.0009881422924901185,13246.557997329051
DanaSG4,1368.0,2236.0,2.0,1.0,0.0,0.0,0.0009881422924901185,0.0009881422924901185,13163.97739832905
solar_extreme,1073.0,3322.0,27.0,1.0,0.0,0.0,0.0009881422924901185,0.0009881422924901185,12753.555943329051
kelvinchaloh97,988.0,3676.0,52.285714285714285,1.0,0.0,0.0,0.0009881422924901185,0.0009881422924901185,12699.272371471907
FALKE_BOT,1242.0,2357.0,50.0,1.0,0.0,0.0,0.0009881422924901185,0.0009881422924901185,12458.65184332905
apidlusky,1034.0,3297.0,64.0,1.0,0.0,0.0,0.0009881422924901185,0.0009881422924901185,12439.00544332905
vjgfernandes,1294.0,2076.0,18.0,1.0,0.0,0.0,0.0009881422924901185,0.0009881422924901185,12391.768452329052
HollyGenesis,874.0,3946.0,75.0,1.0,0.0,0.0,0.0009881422924901185,0.0009881422924901185,12309.214964329049
JustmeAnybody,1268.0,2068.0,1.0,1.0,0.0,0.0,0.0009881422924901185,0.0009881422924901185,12194.63771232905
MuscleORACLE,1057.0,3015.0,96.5,1.0,0.0,0.0,0.0009881422924901185,0.0013175230566534913,12166.210637870223
HeinzLindenmann,1039.0,3027.0,0.0,0.0,0.0,0.0,0.0009881422924901185,0.0009881422924901185,12055.16291432905
ManashJMahanta1,1393.0,1385.0,41.0,1.0,0.0,0.0,0.0009881422924901185,0.0009881422924901185,12024.598312329052
meeraharish,1007.0,3110.0,0.0,0.0,0.0,0.0,0.0009881422924901185,0.0009881422924901185,11956.70640332905
PatuMarius,579.0,4999.0,105.2,1.0,0.0,0.0,0.0009881422924901185,0.0009881422924901185,11847.81019352905
BubblesToBurst,1146.0,2348.0,2.0,1.0,0.0,0.0,0.0009881422924901185,0.0009881422924901185,11762.88171232905
brenthunt777,1186.0,2032.0,0.0,0.0,0.0,0.0,0.0009881422924901185,0.0009881422924901185,11557.315760329051
JaxGoodGuy,1297.0,1412.0,224.0,1.0,0.0,0.0,0.0009881422924901185,0.0009881422924901185,11389.261687329052
Mospedaw1,518.0,4971.0,0.0,0.0,0.0,0.0,0.0009881422924901185,0.0009881422924901185,11369.69158132905
jumasteve,1131.0,2052.0,53.0,1.0,0.0,0.0,0.0009881422924901185,0.0009881422924901185,11199.28108332905
Webster69Dw,1137.0,2007.0,0.0,0.0,0.0,0.0,0.0009881422924901185,0.0009881422924901185,11171.08952832905
CalvinSquires,770.0,3627.0,130.0,1.0,0.0,0.0,0.0009881422924901185,0.0009881422924901185,11078.87407732905
BrianDogeMiller,928.0,2764.0,1.0,1.0,0.0,0.0,0.0009881422924901185,0.0009881422924901185,10860.77397232905
Shahzebalvi4,1385.0,665.0,5.0,1.0,0.0,0.0,0.0009881422924901185,0.0009881422924901185,10852.455912329053
DGue22,944.0,2620.0,1.0,1.0,0.0,0.0,0.0009881422924901185,0.0009881422924901185,10751.316340329051
franchescojpr,759.0,3293.0,4.0,1.0,0.0,0.0,0.0009881422924901185,0.0009881422924901185,10481.21148832905
diypotus,1301.0,799.0,0.0,0.0,0.0,0.0,0.0009881422924901185,0.0009881422924901185,10464.054340329052
braedalibby,1179.0,1328.0,1.0,1.0,0.0,0.0,0.0009881422924901185,0.0009881422924901185,10417.78893532905
zahdehz,370.0,5005.0,1.0,0.5,0.0,0.0,0.0009881422924901185,0.0009881422924901185,10372.68983332905
ljaynekeen,594.0,3972.0,304.0,1.0,0.0,0.0,0.0009881422924901185,0.0017786561264822131,10368.286397627862
MontyTheHorse12,597.0,3856.0,79.0,1.0,0.0,0.0,0.0009881422924901185,0.0009881422924901185,10205.39723732905
DakotaSidwell,1054.0,1749.0,49.0,1.0,0.0,0.0,0.0009881422924901185,0.0009881422924901185,10184.00217332905
PeterRiebeek1,921.0,2248.0,19.0,1.0,0.0,0.0,0.0009881422924901185,0.0009881422924901185,10012.646169329051
CLHoxstone,1000.0,1867.0,3.0,1.0,0.0,0.0,0.0009881422924901185,0.0009881422924901185,9982.76472532905
silviocolloca,890.0,2303.0,242.0,1.0,0.0,0.0,0.0009881422924901185,0.0009881422924901185,9882.47076932905
Carolho93444463,619.0,3526.0,1.0,1.0,0.0,0.0,0.0009881422924901185,0.0013175230566534913,9848.950465870223
AnginaBC,1231.0,695.0,232.0,1.0,0.0,0.0,0.0009881422924901185,0.0009881422924901185,9811.305982329051
AnonymePatriot,1011.0,1560.0,304.0,1.0,0.0,0.0,0.0009881422924901185,0.0009881422924901185,9591.620509329052
ross_ving,1057.0,1311.0,0.0,0.0,0.0,0.0,0.0009881422924901185,0.0013175230566534913,9526.191128870223
BrotherLeeLuv,913.0,1929.0,17.666666666666668,1.0,0.0,0.0,0.0009881422924901185,0.0009881422924901185,9462.019252329048
Kav7LxC8LDH1aEd,971.0,1635.0,0.0,0.0,0.0,0.0,0.0009881422924901185,0.0009881422924901185,9417.85523032905
shintou0303,982.0,1577.0,4.0,1.0,0.0,0.0,0.0009881422924901185,0.0009881422924901185,9406.15884732905
SunshineandHap,925.0,1717.0,12.0,1.0,0.0,0.0,0.0009881422924901185,0.0009881422924901185,9218.80261432905
EldenCatlord,1071.0,930.0,838.0,1.0,0.0,0.0,0.0009881422924901185,0.0009881422924901185,9052.68520332905
VivekanandMaity,194.0,4855.0,22.0,1.0,0.0,0.0,0.0009881422924901185,0.0009881422924901185,8892.650281329052
TeresaKAlley,717.0,2458.0,1.0,1.0,0.0,0.0,0.0009881422924901185,0.0009881422924901185,8890.56471932905
dianesheldon5,810.0,2005.0,6.0,1.0,0.0,0.0,0.0009881422924901185,0.0009881422924901185,8848.93548332905
MIKE131720,900.0,1563.0,407.0,1.0,0.0,0.0,0.0009881422924901185,0.0009881422924901185,8811.11608932905
NatashaFiona46,972.0,1226.0,31.0,1.0,0.0,0.0,0.0009881422924901185,0.0009881422924901185,8792.382854329051
Thorne75658284,980.0,1136.0,17.0,1.0,0.0,0.0,0.0009881422924901185,0.0009881422924901185,8709.50240432905
JDoPinkie,1004.0,1021.0,45.0,1.0,0.0,0.0,0.0009881422924901185,0.0009881422924901185,8702.249299329049
NizamUl84879653,594.0,2840.0,89.0,1.0,0.0,0.0,0.0009881422924901185,0.0017786561264822131,8611.400547627865
planetaosasco,1202.0,7.0,0.0,0.0,0.0,0.0,0.0009881422924901185,0.0009881422924901185,8535.77857332905
Maurieres1,873.0,1485.0,7.0,1.0,0.0,0.0,0.0009881422924901185,0.0009881422924901185,8490.729688329051
wuwuwu6464,1110.0,398.0,0.0,0.0,0.0,0.0,0.0009881422924901185,0.0009881422924901185,8488.61622232905
AndriyBoguslav,1169.0,71.0,71.2,1.0,0.0,0.0,0.0009881422924901185,0.0009881422924901185,8402.263459529051
SeanMConnolly,357.0,3762.0,66.0,1.0,0.0,0.0,0.0009881422924901185,0.0013175230566534913,8357.456769870223
LaurieTMiller,886.0,1257.0,12.0,1.0,0.0,0.0,0.0009881422924901185,0.0009881422924901185,8230.05188732905
rickoshields,891.0,1203.0,817.0,1.0,0.0,0.0,0.0009881422924901185,0.0009881422924901185,8198.29151232905
Daniel_jimenezc,326.0,3774.0,203.5,1.0,0.0,0.0,0.0009881422924901185,0.0009881422924901185,8158.970201329052
THEMissB_says,229.0,4110.0,38.0,1.0,0.0,0.0,0.0009881422924901185,0.0009881422924901185,7987.830597329052
ActualResearch4,735.0,1783.0,16.0,1.0,0.0,0.0,0.0009881422924901185,0.0013175230566534913,7973.527478870224
ThePlejaren,910.0,857.0,0.0,1.0,0.0,0.0,0.0009881422924901185,0.0009881422924901185,7780.76076732905
sarapeters_99,380.0,3269.0,7.0,1.0,0.0,0.0,0.0009881422924901185,0.0009881422924901185,7756.13775932905
ishwarlal1998,864.0,896.0,17.0,1.0,0.0,0.0,0.0009881422924901185,0.0009881422924901185,7515.239216329051
TherealUncle_J,946.0,482.0,195.0,1.0,0.0,0.0,0.0009881422924901185,0.0009881422924901185,7459.4926603290505
secret007au,646.0,1605.0,10.0,1.0,0.0,0.0,0.0009881422924901185,0.0009881422924901185,7066.61881532905
ClearBlueSee,947.0,220.0,97.0,1.0,0.0,0.0,0.0009881422924901185,0.0009881422924901185,7058.974435329052
Savonarola26,553.0,1923.0,0.0,0.0,0.0,0.0,0.0009881422924901185,0.0009881422924901185,6899.145396329051
Lostpassword7,633.0,1544.0,2.0,1.0,0.0,0.0,0.0009881422924901185,0.0009881422924901185,6879.81878332905
mccann01778,836.0,571.0,61.0,1.0,0.0,0.0,0.0009881422924901185,0.0009881422924901185,6814.399861329051
IvailoIzvorski,788.0,786.0,0.0,1.0,0.0,0.0,0.0009881422924901185,0.0009881422924901185,6805.582016329051
JPLindsley,688.0,1235.0,0.0,0.0,0.0,0.0,0.0009881422924901185,0.0009881422924901185,6791.474311329051
ZazuFFS,675.0,1286.0,0.0,0.0,1.0,0.0,0.0009881422924901185,0.0009881422924901185,6778.230407329051
Farm_84,526.0,1926.0,65.0,1.0,0.0,0.0,0.0009881422924901185,0.0009881422924901185,6713.62044032905
brain_mindful,298.0,2943.0,91.5,1.0,0.0,0.0,0.0009881422924901185,0.0009881422924901185,6671.5904403290515
DustyMcCrusty,718.0,983.0,104.0,1.0,0.0,0.0,0.0009881422924901185,0.0009881422924901185,6616.224025329051
iron_institute_,244.0,3134.0,18.0,1.0,0.0,0.0,0.0009881422924901185,0.0009881422924901185,6582.80879232905
Nonsumdignus_5,608.0,1381.0,9.0,1.0,0.0,0.0,0.0009881422924901185,0.0013175230566534913,6450.305535870224
Billy9978,177.0,3348.0,104.0,1.0,0.0,0.0,0.0009881422924901185,0.0017786561264822131,6440.682296627865
drogue7,748.0,715.0,0.0,0.0,1.0,0.0,0.0009881422924901185,0.0009881422924901185,6411.971291329051
klaaathu,350.0,2507.0,20.25,1.0,0.0,0.0,0.0009881422924901185,0.0009881422924901185,6363.944443829051
Faulken87094189,735.0,720.0,66.0,1.0,0.0,0.0,0.0009881422924901185,0.0013175230566534913,6328.856013870223
Diegotx3000,209.0,3089.0,73.0,1.0,0.0,0.0,0.0009881422924901185,0.0009881422924901185,6266.030592329051
AlenaPosh1,625.0,1166.0,50.0,1.0,0.0,0.0,0.0009881422924901185,0.0009881422924901185,6238.854457329051
Muziek_Valerius,635.0,1117.0,0.0,1.0,0.0,0.0,0.0009881422924901185,0.0009881422924901185,6232.900492329051
TimoLempiainen,827.0,206.0,55.5,1.0,0.0,0.0,0.0009881422924901185,0.0009881422924901185,6185.38074632905
ChristopherZuby,608.0,1191.0,241.0,1.0,0.0,0.0,0.0009881422924901185,0.0013175230566534913,6160.876357870224
dczd23,466.0,1786.0,2.0,1.0,0.0,0.0,0.0009881422924901185,0.0009881422924901185,6070.059362329051
tejassuthar,465.0,1781.0,41.0,1.0,0.0,0.0,0.0009881422924901185,0.0009881422924901185,6056.019788329051
cosmila_2020,405.0,2031.0,542.0,1.0,0.0,0.0,0.0009881422924901185,0.0009881422924901185,6027.714304329051
MutzNutzkova,615.0,1014.0,0.0,0.0,1.0,0.0,0.0009881422924901185,0.0009881422924901185,5931.594667329051
icaromagnus,192.0,2944.0,3.0,1.0,0.0,0.0,0.0009881422924901185,0.0013175230566534913,5919.555836870223
inishie5960,594.0,1058.0,83.0,1.0,0.0,0.0,0.0009881422924901185,0.0017786561264822131,5852.466261627866
jamiemcintyre21,773.0,237.0,0.0,0.0,0.0,0.0,0.0009881422924901185,0.0009881422924901185,5849.260526329051
AjBaalman,595.0,1046.0,19.0,1.0,0.0,0.0,0.0009881422924901185,0.0009881422924901185,5839.676341329051
Brad365,619.0,897.0,8.0,1.0,0.0,0.0,0.0009881422924901185,0.0013175230566534913,5778.993392870223
BannClaudia,562.0,1128.0,53.0,1.0,0.0,0.0,0.0009881422924901185,0.0009881422924901185,5733.271146329052
andyjak967,602.0,892.0,83.0,1.0,0.0,0.0,0.0009881422924901185,0.0009881422924901185,5652.208666329051
FUIndividual1,477.0,1465.0,13.0,1.0,0.0,0.0,0.0009881422924901185,0.0013175230566534913,5651.341556870223
CenewsHuangpin,313.0,2149.0,97.0,1.0,0.0,0.0,0.0009881422924901185,0.0009881422924901185,5548.851668329052
dkmishra383,305.0,2137.0,40.0,1.0,0.0,0.0,0.0009881422924901185,0.0009881422924901185,5472.375742329051
cmessliving,624.0,667.0,0.0,0.0,1.0,0.0,0.0009881422924901185,0.0009881422924901185,5458.215519329051
BuzzRickson439,603.0,740.0,0.0,0.0,0.5,0.0,0.0009881422924901185,0.0009881422924901185,5422.2926813290505
kyberskeble,202.0,2558.0,1010.0,1.0,0.0,0.0,0.0009881422924901185,0.0009881422924901185,5413.378438329051
LPNPAC,644.0,474.0,1.0,1.0,0.0,0.0,0.0009881422924901185,0.0009881422924901185,5301.287810329051
KySwaid,402.0,1562.0,21.0,1.0,0.0,0.0,0.0009881422924901185,0.0013175230566534913,5269.753384870222
BlindJustitia,630.0,493.0,5.0,1.0,0.0,0.0,0.0009881422924901185,0.0009881422924901185,5231.4920373290515
Richard24856748,494.0,1039.0,110.0,1.0,0.0,0.0,0.0009881422924901185,0.0009881422924901185,5114.369149329051
dragonfire55555,676.0,198.0,21.0,1.0,0.0,0.0,0.0009881422924901185,0.0009881422924901185,5101.357326329051
GlobalDefCorp,651.0,311.0,0.0,0.0,0.0,0.0,0.0009881422924901185,0.0009881422924901185,5098.564250329051
deirtagge,379.0,1554.0,20.25,1.0,0.0,0.0,0.0009881422924901185,0.0009881422924901185,5094.22922582905
Bruh11432599,520.0,908.0,1.0,0.0,0.0,0.0,0.0009881422924901185,0.0013175230566534913,5093.743668870224
GUCCI8N,210.0,2303.0,105.5,1.0,0.0,0.0,0.0009881422924901185,0.0009881422924901185,5056.9343003290505
TheRoses2022,689.0,106.0,0.0,0.0,0.0,0.0,0.0009881422924901185,0.0009881422924901185,5050.699609329051
Amitochondrio,549.0,711.0,1.0,1.0,0.0,0.0,0.0009881422924901185,0.0009881422924901185,4994.432710329051
musician_as,283.0,1869.0,0.6666666666666666,0.3333333333333333,0.0,0.0,0.0009881422924901185,0.0009881422924901185,4900.6394803290505
Mariusz_w36,638.0,234.0,0.0,0.0,0.0,0.0,0.0009881422924901185,0.0009881422924901185,4887.156506329051
Dream97On,561.0,574.0,344.0,1.0,0.0,0.0,0.0009881422924901185,0.0009881422924901185,4874.42166932905
rabbelahmed,34.0,2963.0,770.0,1.0,0.0,0.0,0.0009881422924901185,0.0013175230566534913,4843.993869870223
agnesella2,396.0,1314.0,27.0,1.0,0.0,0.0,0.0009881422924901185,0.0009881422924901185,4843.3783423290515
AimieeMobley,391.0,1317.0,5.0,1.0,0.0,0.0,0.0009881422924901185,0.0009881422924901185,4812.113730329051
chrismokom,520.0,722.0,253.0,1.0,0.0,0.0,0.0009881422924901185,0.0013175230566534913,4810.9140308702235
LastOutlaw1993,469.0,913.0,17.0,1.0,0.0,0.0,0.0009881422924901185,0.0009881422924901185,4740.102116329051
szavannasa,365.0,1359.0,0.0,1.0,0.0,0.0,0.0009881422924901185,0.0009881422924901185,4692.634892329052
dekentro,376.0,1291.0,230.0,1.0,0.0,0.0,0.0009881422924901185,0.0009881422924901185,4670.055155329051
Lyzbeth125,153.0,2302.0,155.0,1.0,0.0,0.0,0.0009881422924901185,0.0009881422924901185,4652.132571329051
Bevyloveschows,387.0,1227.0,7.0,1.0,0.0,0.0,0.0009881422924901185,0.0009881422924901185,4644.45130032905
artur_khalilow,449.0,911.0,246.0,1.0,0.0,0.0,0.0009881422924901185,0.0009881422924901185,4599.819180329051
MasderMawtouk,575.0,326.0,0.0,0.0,0.0,0.0,0.0009881422924901185,0.0009881422924901185,4582.772307329051
Radheshyam_k07,477.0,746.0,17.0,1.0,0.0,0.0,0.0009881422924901185,0.0013175230566534913,4538.299495870223
lancecardiac,402.0,983.0,6910.0,1.0,0.0,0.0,0.0009881422924901185,0.0013175230566534913,4513.535233870223
KabalexChild,417.0,986.0,0.0,0.0,0.0,0.0,0.0009881422924901185,0.0009881422924901185,4483.972313329051
eimmat2,433.0,845.0,7.0,1.0,0.0,0.0,0.0009881422924901185,0.0009881422924901185,4379.301568329051
antalsma,299.0,1384.0,9.0,1.0,0.0,0.0,0.0009881422924901185,0.0009881422924901185,4263.430543329051
RepublicAlien,168.0,1969.0,20.0,1.0,0.0,0.0,0.0009881422924901185,0.002258610954263128,4240.238191987861
MJMcCune,426.0,771.0,19.0,1.0,0.0,0.0,0.0009881422924901185,0.0009881422924901185,4215.336199329051
Protest_when,590.0,19.0,58.0,1.0,0.0,0.0,0.0009881422924901185,0.0009881422924901185,4215.053185329051
atulchaudhary,527.0,234.0,1.0,1.0,0.0,0.0,0.0009881422924901185,0.0009881422924901185,4099.932329329051
ajit4g1,275.0,1322.0,0.0,0.0,1.0,0.0,0.0009881422924901185,0.0009881422924901185,3997.0467873290513
CarrieSiemek,508.0,253.0,1.0,1.0,0.0,0.0,0.0009881422924901185,0.0009881422924901185,3994.593707329051
1i5t3n3r,427.0,536.0,50.0,1.0,0.0,0.0,0.0009881422924901185,0.0009881422924901185,3859.2427933290514
EduardoNievesS3,447.0,442.0,1.0,1.0,0.0,0.0,0.0009881422924901185,0.0009881422924901185,3854.565129329051
cookmonika2022,272.0,1238.0,95.0,1.0,0.0,0.0,0.0009881422924901185,0.0009881422924901185,3847.657758329052
sonyachnik,458.0,380.0,21.0,1.0,0.0,0.0,0.0009881422924901185,0.0009881422924901185,3837.001662329051
Jatmiko69822139,131.0,1862.0,770.0,1.0,0.0,0.0,0.0009881422924901185,0.0013175230566534913,3827.4276358702236
lindabrown7777,300.0,1061.0,290.0,1.0,0.0,0.0,0.0009881422924901185,0.0009881422924901185,3776.1859973290516
jessecox1953,308.0,981.0,195.0,1.0,0.0,0.0,0.0009881422924901185,0.0009881422924901185,3707.139071329051
csarachaga,168.0,1556.0,3007.0,1.0,0.0,0.0,0.0009881422924901185,0.002258610954263128,3661.62367898786
JeanieScovell,312.0,924.0,71.33333333333333,1.0,0.0,0.0,0.0009881422924901185,0.0009881422924901185,3644.7472863290513
willthiel,446.0,291.0,9.0,1.0,0.0,0.0,0.0009881422924901185,0.0009881422924901185,3613.864199329051
aniledodie,403.0,475.0,8.0,1.0,0.0,0.0,0.0009881422924901185,0.0009881422924901185,3593.7357743290518
au0481810206,101.0,1857.0,0.0,0.0,1.0,0.0,0.0009881422924901185,0.0017786561264822131,3591.252939627866
VoyagerUSN1977,435.0,242.0,10.0,1.0,0.0,0.0,0.0009881422924901185,0.0009881422924901185,3460.0097273290517
fuckingworld23,276.0,969.0,50.0,1.0,0.0,0.0,0.0009881422924901185,0.0013175230566534913,3458.6585858702238
Sisi33290,357.0,596.0,11.0,1.0,0.0,0.0,0.0009881422924901185,0.0013175230566534913,3454.8790098702243
KaljuLaid,409.0,337.0,838.0,1.0,0.0,0.0,0.0009881422924901185,0.0009881422924901185,3439.5313223290514
LenrThinking,203.0,1242.0,60.0,1.0,0.0,0.0,0.0009881422924901185,0.0009881422924901185,3363.7700513290515
trident410,234.0,1092.0,78.5,1.0,0.0,0.0,0.0009881422924901185,0.0009881422924901185,3351.7842853290513
nojaydenx,404.0,309.0,0.5,0.0,0.0,0.0,0.0009881422924901185,0.0009881422924901185,3343.6817423290513
Atulsainiarya,439.0,145.0,17.0,1.0,0.0,0.0,0.0009881422924901185,0.0009881422924901185,3338.3502863290514
manojsingh_kush,183.0,1290.0,17.0,1.0,0.0,0.0,0.0009881422924901185,0.0009881422924901185,3295.3607533290515
KapmanAyn,297.0,720.0,164.0,1.0,0.0,0.0,0.0009881422924901185,0.0009881422924901185,3224.4246673290513
AnnemarieCorne3,282.0,781.0,1.0,1.0,0.0,0.0,0.0009881422924901185,0.0009881422924901185,3209.161329329051
VISHALK87158456,273.0,793.0,6.0,1.0,0.0,0.0,0.0009881422924901185,0.0009881422924901185,3164.0102823290517
bapt_dre,114.0,1511.0,36.0,1.0,0.0,0.0,0.0009881422924901185,0.0009881422924901185,3148.5213653290516
Zap0rozhets,291.0,693.0,16.0,1.0,0.0,0.0,0.0009881422924901185,0.0009881422924901185,3137.0595163290513
KeyvanMartin,337.0,468.0,406.0,1.0,0.0,0.0,0.0009881422924901185,0.0009881422924901185,3122.9050593290513
MARTIN91559117,226.0,971.0,304.0,1.0,0.0,0.0,0.0009881422924901185,0.0009881422924901185,3112.3072093290516
Voevoda_BY,411.0,113.0,223.0,1.0,0.0,0.0,0.0009881422924901185,0.0009881422924901185,3094.4163983290514
DiogenesDCynic,249.0,821.0,0.0,0.0,0.0,0.0,0.0009881422924901185,0.0009881422924901185,3037.0215143290516
TS35581556,43.0,1749.0,1.0,1.0,0.0,0.0,0.0009881422924901185,0.0013175230566534913,3012.7182628702235
breezyshade007,198.0,1023.0,78.5,1.0,0.0,0.0,0.0009881422924901185,0.0009881422924901185,2989.6390423290513
ASIANMARUBOZU,371.0,193.0,0.0,0.0,0.0,0.0,0.0009881422924901185,0.0009881422924901185,2930.0399203290513
jairbrenis,280.0,599.0,1.0,1.0,0.0,0.0,0.0009881422924901185,0.0009881422924901185,2913.2125333290514
slate11,217.0,886.0,4.0,1.0,0.0,0.0,0.0009881422924901185,0.0009881422924901185,2910.7795973290517
ATI69454066,287.0,557.0,53.0,1.0,0.0,0.0,0.0009881422924901185,0.0013175230566534913,2898.894986870224
RBellitzia,145.0,1198.0,12.0,1.0,0.0,0.0,0.0009881422924901185,0.0009881422924901185,2883.3216293290516
mlpTTCCD,219.0,817.0,74.66666666666667,1.0,0.0,0.0,0.0009881422924901185,0.0013175230566534913,2819.580192870224
europeanMedia24,319.0,334.0,0.0,0.0,0.0,0.0,0.0009881422924901185,0.0009881422924901185,2779.5305393290514
shortsvslongs,101.0,1330.0,93.0,1.0,0.0,0.0,0.0009881422924901185,0.0017786561264822131,2777.267432627866
CassandraMakhno,293.0,412.0,258.5,1.0,0.0,0.0,0.0009881422924901185,0.0009881422924901185,2721.1464523290515
youbic6869,257.0,563.0,27.0,1.0,0.0,0.0,0.0009881422924901185,0.0013175230566534913,2694.8861308702235
BishnoiTe,281.0,406.0,17.0,1.0,0.0,0.0,0.0009881422924901185,0.0013175230566534913,2621.837367870224
gabepaps2,182.0,844.0,3.0,1.0,0.0,0.0,0.0009881422924901185,0.0009881422924901185,2597.5064863290513
smaxwellsmith,96.0,1223.0,56.0,1.0,0.0,0.0,0.0009881422924901185,0.0009881422924901185,2575.3983713290513
klebebrasil,208.0,710.0,8.0,1.0,0.0,0.0,0.0009881422924901185,0.0009881422924901185,2574.5550643290517
Amitjha58441242,91.0,1241.0,6.0,1.0,0.0,0.0,0.0009881422924901185,0.0009881422924901185,2566.7863963290515
manish_0483,106.0,1164.0,9.0,1.0,0.0,0.0,0.0009881422924901185,0.0009881422924901185,2554.0238943290515
Prashantchau18,177.0,832.0,9.0,1.0,0.0,0.0,0.0009881422924901185,0.0017786561264822131,2543.591446627866
sconnors1969,126.0,1059.0,2.0,1.0,0.0,0.0,0.0009881422924901185,0.0013175230566534913,2533.171977870224
TBreitenba,179.0,798.0,19.0,1.0,0.0,0.0,0.0009881422924901185,0.0013175230566534913,2505.340933870224
SMI_Karak,257.0,343.0,4.0,1.0,0.0,0.0,0.0009881422924901185,0.0013175230566534913,2353.824072870224
jeff64314143,307.0,64.0,96.0,1.0,0.0,0.0,0.0009881422924901185,0.0009881422924901185,2278.3743893290516
Watt_Ever_008,215.0,479.0,97.0,1.0,0.0,0.0,0.0009881422924901185,0.0009881422924901185,2268.3881043290517
TIndoila,19.0,1357.0,298.0,1.0,0.0,0.0,0.0009881422924901185,0.0032339202299676603,2241.674588746137
piratJa,266.0,219.0,19.0,1.0,0.0,0.0,0.0009881422924901185,0.0009881422924901185,2225.9877593290516
ravisha99362373,116.0,904.0,4.0,1.0,0.0,0.0,0.0009881422924901185,0.0017786561264822131,2222.3270036278655
GONZALO_0381,192.0,538.0,62.0,1.0,0.0,0.0,0.0009881422924901185,0.0013175230566534913,2195.895320870224
2824Bear,276.0,142.0,21.5,1.0,0.0,0.0,0.0009881422924901185,0.0013175230566534913,2177.754539870224
nabodbabau,92.0,982.0,25.0,1.0,0.0,0.0,0.0009881422924901185,0.0009881422924901185,2173.2931183290516
Shashan20797894,154.0,683.0,5.0,1.0,0.0,0.0,0.0009881422924901185,0.0009881422924901185,2149.710019329051
jaybor2002,161.0,626.0,59.5,1.0,0.0,0.0,0.0009881422924901185,0.0009881422924901185,2112.2200923290516
sundar_laxkar,222.0,325.0,2.0,1.0,0.0,0.0,0.0009881422924901185,0.0009881422924901185,2077.6854153290515
ZlayaSabrina,250.0,190.0,50.0,1.0,0.0,0.0,0.0009881422924901185,0.0009881422924901185,2068.2453023290514
FuckPutinBot,287.0,14.0,0.0,0.0,0.0,0.0,0.0009881422924901185,0.0013175230566534913,2057.168483870224
OncleSam75,26.0,1201.0,22.0,1.0,0.0,0.0,0.0009881422924901185,0.0009881422924901185,2044.1866873290512
Smiti96332878,173.0,524.0,31.5,1.0,0.0,0.0,0.0009881422924901185,0.0009881422924901185,2038.8461103290513
AfterfuturKing,281.0,12.0,114.0,1.0,0.0,0.0,0.0009881422924901185,0.0013175230566534913,2013.837859870224
F1542856198,76.0,946.0,72.0,1.0,0.0,0.0,0.0009881422924901185,0.0009881422924901185,2005.0391123290512
thelema_boy_,218.0,296.0,16.0,1.0,0.0,0.0,0.0009881422924901185,0.0009881422924901185,2004.7045923290514
dwgibson2000,137.0,664.0,0.0,0.0,1.0,0.0,0.0009881422924901185,0.0013175230566534913,1999.625283870224
conservative108,216.0,298.0,60.0,1.0,0.0,0.0,0.0009881422924901185,0.0009881422924901185,1994.511540329051
tm8093,219.0,271.0,97.0,1.0,0.0,0.0,0.0009881422924901185,0.0013175230566534913,1974.741956870224
sonutha11335937,126.0,690.0,1.0,1.0,0.0,0.0,0.0009881422924901185,0.0013175230566534913,1961.8824368702242
profwx,242.0,143.0,0.0,0.0,0.0,0.0,0.0009881422924901185,0.0009881422924901185,1937.7263733290513
seswae2,44.0,1024.0,770.0,1.0,0.0,0.0,0.0009881422924901185,0.0009881422924901185,1913.0433343290513
MichelleN1313,175.0,411.0,19.0,1.0,0.0,0.0,0.0009881422924901185,0.0009881422924901185,1877.8348563290513
stopcoalexports,204.0,257.0,1.0,0.0,1.0,0.0,0.0009881422924901185,0.0009881422924901185,1844.7292553290513
Annuieth,135.0,562.0,164.0,1.0,0.0,0.0,0.0009881422924901185,0.0013175230566534913,1830.865631870224
djgoodlook,205.0,233.0,17.0,1.0,0.0,0.0,0.0009881422924901185,0.0009881422924901185,1814.9913643290513
GeorgianP1,61.0,890.0,24.666666666666668,1.0,0.0,0.0,0.0009881422924901185,0.0013175230566534913,1810.995913870224
viresethonestas,199.0,247.0,501.0,1.0,0.0,0.0,0.0009881422924901185,0.0009881422924901185,1803.9592403290515
rattrayclark,159.0,414.0,406.0,1.0,0.0,0.0,0.0009881422924901185,0.0009881422924901185,1776.8765353290512
adhdchroniclez,129.0,552.0,9.0,1.0,0.0,0.0,0.0009881422924901185,0.0013175230566534913,1769.676693870224
DKStoneman,176.0,336.0,7.0,1.0,0.0,0.0,0.0009881422924901185,0.0009881422924901185,1768.5713723290512
Dockryzhan1,129.0,543.0,10.0,1.0,0.0,0.0,0.0009881422924901185,0.0013175230566534913,1755.763644870224
johnnyh92539958,166.0,371.0,0.0,0.0,0.5,0.0,0.0009881422924901185,0.0009881422924901185,1751.6914453290512
RenManProd,168.0,351.0,4.0,1.0,0.0,0.0,0.0009881422924901185,0.002258610954263128,1734.99786598786
margoshka333,103.0,647.0,50.0,1.0,0.0,0.0,0.0009881422924901185,0.0009881422924901185,1733.1850663290513
StitzelTeresa,140.0,454.0,30.0,1.0,0.0,0.0,0.0009881422924901185,0.0009881422924901185,1696.3990723290515
UmarNaik007,71.0,769.0,0.0,0.0,0.0,0.0,0.0009881422924901185,0.0013175230566534913,1694.0902208702241
SibaSergio,164.0,338.0,30.0,1.0,0.0,0.0,0.0009881422924901185,0.0009881422924901185,1687.0281243290515
baranodocke1,116.0,556.0,62.0,1.0,0.0,0.0,0.0009881422924901185,0.0017786561264822131,1684.7491316278656
Akire2Janse,168.0,296.0,4.5,1.0,0.0,0.0,0.0009881422924901185,0.002258610954263128,1649.85951398786
MikoMleczak,109.0,550.0,101.0,1.0,0.0,0.0,0.0009881422924901185,0.0009881422924901185,1626.6054353290515
sandhuajitgarh,196.0,144.0,17.0,1.0,0.0,0.0,0.0009881422924901185,0.0009881422924901185,1613.3749323290515
ficiz,171.0,244.0,4.0,1.0,0.0,0.0,0.0009881422924901185,0.0009881422924901185,1590.6186093290514
MartinaStoll5,172.0,205.0,205.0,1.0,0.0,0.0,0.0009881422924901185,0.0009881422924901185,1541.4224033290513
Seahawk3934,163.0,246.0,116.5,1.0,0.0,0.0,0.0009881422924901185,0.0009881422924901185,1539.265500329051
JoshGoodwin15,177.0,182.0,0.0,0.0,0.0,0.0,0.0009881422924901185,0.0017786561264822131,1537.1075826278657
jl_jlgh,80.0,613.0,52.333333333333336,0.6666666666666666,0.3333333333333333,0.0,0.0009881422924901185,0.001778656126482213,1517.4747406278657
Granitberget,70.0,639.0,48.0,1.0,0.0,0.0,0.0009881422924901185,0.0009881422924901185,1486.7134653290511
superGHO,27.0,830.0,304.0,1.0,0.0,0.0,0.0009881422924901185,0.0009881422924901185,1482.6510473290514
Nicolasriveragz,86.0,558.0,97.0,1.0,0.0,0.0,0.0009881422924901185,0.0009881422924901185,1475.7865523290511
TatMakhankova,34.0,765.0,1578.0,1.0,0.0,0.0,0.0009881422924901185,0.0013175230566534913,1457.588747870224
AronDark,80.0,561.0,130.0,1.0,0.0,0.0,0.0009881422924901185,0.0017786561264822131,1438.5508866278656
lou_lezy,116.0,397.0,30.0,1.0,0.0,0.0,0.0009881422924901185,0.0017786561264822131,1437.9414146278657
jochenkrause,67.0,609.0,10.0,1.0,0.0,0.0,0.0009881422924901185,0.0017786561264822131,1418.2209976278655
nohouzecalls,179.0,73.0,9.0,1.0,0.0,0.0,0.0009881422924901185,0.0013175230566534913,1382.725098870224
singh_manish09,63.0,595.0,9.0,1.0,0.0,0.0,0.0009881422924901185,0.002258610954263128,1368.15865098786
KanganaQueen111,80.0,515.0,8.0,1.0,0.0,0.0,0.0009881422924901185,0.0017786561264822131,1364.8535446278654
JDP641669,104.0,389.0,100.0,1.0,0.0,0.0,0.0009881422924901185,0.0009881422924901185,1341.8706693290512
UNCLE_AKA,75.0,493.0,680.0,1.0,0.0,0.0,0.0009881422924901185,0.0013175230566534913,1309.003892870224
JakeSeattleX19,67.0,528.0,136.33333333333334,1.0,0.0,0.0,0.0009881422924901185,0.001778656126482213,1295.3908206278657
jisecu,71.0,502.0,16.0,1.0,0.0,0.0,0.0009881422924901185,0.0013175230566534913,1281.0583718702242
xlr8mpls,151.0,135.0,0.0,0.0,1.0,0.0,0.0009881422924901185,0.0009881422924901185,1279.9424703290513
saralbharatnews,137.0,192.0,0.0,0.0,0.0,0.0,0.0009881422924901185,0.0013175230566534913,1268.896123870224
kampfhex,105.0,308.0,4.0,1.0,0.0,0.0,0.0009881422924901185,0.0009881422924901185,1221.6091913290513
Crusader4Justi1,113.0,265.0,142.0,1.0,0.0,0.0,0.0009881422924901185,0.0009881422924901185,1214.5846183290514
darwinplus,124.0,215.0,62.0,1.0,0.0,0.0,0.0009881422924901185,0.0009881422924901185,1213.5644113290512
CornishMiner186,131.0,170.0,321.0,1.0,0.0,0.0,0.0009881422924901185,0.0013175230566534913,1198.814021870224
RobertsonKI,81.0,395.0,0.0,0.0,1.0,0.0,0.0009881422924901185,0.0009881422924901185,1186.0022603290513
pradeepgawle,36.0,600.0,41.0,1.0,0.0,0.0,0.0009881422924901185,0.0013175230566534913,1185.055956870224
SueAnaz,135.0,140.0,0.0,0.0,0.0,0.0,0.0009881422924901185,0.0013175230566534913,1174.207477870224
FunkyNetta,99.0,258.0,83.0,1.0,0.0,0.0,0.0009881422924901185,0.0013175230566534913,1103.2559378702242
PartisanJP,62.0,416.0,60.5,1.0,0.0,0.0,0.0009881422924901185,0.0009881422924901185,1084.9908813290513
lon_tales,87.0,298.0,6.0,1.0,0.0,0.0,0.0009881422924901185,0.0013175230566534913,1078.507979870224
UKRAINEDOGSCAR1,33.0,542.0,21.0,1.0,0.0,0.0,0.0009881422924901185,0.0013175230566534913,1073.579167870224
AliyashAlia,125.0,110.0,0.0,0.0,0.0,0.0,0.0009881422924901185,0.0009881422924901185,1056.8389773290512
MickRhythm,50.0,440.0,20.0,1.0,0.0,0.0,0.0009881422924901185,0.0009881422924901185,1036.2150723290513
ThinkTa17346554,98.0,190.0,89.0,1.0,0.0,0.0,0.0009881422924901185,0.0009881422924901185,991.0102603290514
goswamig10,31.0,487.0,1.0,1.0,0.0,0.0,0.0009881422924901185,0.002258610954263128,973.84176698786
Khazarjude,117.0,81.0,250.0,1.0,0.0,0.0,0.0009881422924901185,0.0009881422924901185,960.2906383290515
GKitty50,31.0,474.0,63.54545454545455,1.0,0.0,0.0,0.0009881422924901185,0.002258610954263128,954.9883018060417
usmankllc,130.0,13.0,1.0,0.0,0.0,0.0,0.0009881422924901185,0.0009881422924901185,942.1497533290515
integritas007,63.0,311.0,158.0,1.0,0.0,0.0,0.0009881422924901185,0.002258610954263128,931.5141849878601
BhaveshKrMandal,31.0,416.0,10.0,1.0,0.0,0.0,0.0009881422924901185,0.002258610954263128,864.1058759878599
tommyT2T23,65.0,254.0,195.0,1.0,0.0,0.0,0.0009881422924901185,0.0009881422924901185,858.2031873290515
Lovethy06301783,100.0,95.0,2.0,1.0,0.0,0.0,0.0009881422924901185,0.0009881422924901185,856.3500193290514
StefVanDerWitz,99.0,94.0,0.0,0.0,0.0,0.0,0.0009881422924901185,0.0013175230566534913,847.669799870224
USAinUkraine,107.0,56.0,1.0,1.0,0.0,0.0,0.0009881422924901185,0.0009881422924901185,845.5976793290515
dk116435,57.0,284.0,17.0,1.0,0.0,0.0,0.0009881422924901185,0.002258610954263128,844.29145598786
WalpadT,47.0,328.0,1.0,1.0,0.0,0.0,0.0009881422924901185,0.002258610954263128,841.16180998786
karenchke,69.0,225.0,55.0,1.0,0.0,0.0,0.0009881422924901185,0.0009881422924901185,838.8274243290514
JiriCZE,67.0,233.0,43.0,1.0,0.0,0.0,0.0009881422924901185,0.0017786561264822131,836.7861356278656
clauden48363105,66.0,233.0,243.0,1.0,0.0,0.0,0.0009881422924901185,0.0009881422924901185,833.7608333290515
cr855prv441,6.0,508.0,207.0,1.0,0.0,0.0,0.0009881422924901185,0.0027448397013614405,833.2383318819719
hh_francesco,57.0,275.0,36.0,1.0,0.0,0.0,0.0009881422924901185,0.002258610954263128,830.74463498786
mfaulstone,63.0,243.0,10.0,1.0,0.0,0.0,0.0009881422924901185,0.002258610954263128,823.2284369878599
Manan48176326,63.0,237.0,158.0,1.0,0.0,0.0,0.0009881422924901185,0.002258610954263128,816.95071498786
darealshadow,101.0,60.0,111.25,1.0,0.0,0.0,0.0009881422924901185,0.0017786561264822131,811.4818971278656
Fadby2,38.0,337.0,114.0,1.0,0.0,0.0,0.0009881422924901185,0.002258610954263128,793.56366598786
HiHikeep4,33.0,354.0,0.0,0.0,0.0,0.0,0.0009881422924901185,0.0013175230566534913,782.098761870224
JogenderSingh70,19.0,417.0,17.0,1.0,0.0,0.0,0.0009881422924901185,0.0032339202299676603,780.6916627461372
fgHUPvPcM4TjCbA,47.0,286.0,78.5,1.0,0.0,0.0,0.0009881422924901185,0.002258610954263128,777.71611498786
NikkhahTourage,90.0,87.0,0.0,0.0,0.0,0.0,0.0009881422924901185,0.0009881422924901185,773.0011573290515
June4th3,83.0,119.0,2.0,1.0,0.0,0.0,0.0009881422924901185,0.0009881422924901185,772.9367583290515
alexandrustark,18.0,415.0,16.0,1.0,0.0,0.0,0.0009881422924901185,0.0027448397013614405,770.481346881972
aysa_2022,93.0,60.0,6.0,1.0,0.0,0.0,0.0009881422924901185,0.0009881422924901185,752.5999273290515
JessecaW1,87.0,82.0,1.0,1.0,0.0,0.0,0.0009881422924901185,0.0013175230566534913,744.0047698702241
chance4phun,49.0,248.0,195.0,1.0,0.0,0.0,0.0009881422924901185,0.0009881422924901185,735.4375693290515
CarloSjlptN5,53.0,232.0,14.0,1.0,0.0,0.0,0.0009881422924901185,0.0013175230566534913,735.3545558702241
paul_szafranski,39.0,292.0,195.0,1.0,0.0,0.0,0.0009881422924901185,0.0013175230566534913,732.6343798702242
PINKGOLDPINK289,42.0,270.0,427.5,1.0,0.0,0.0,0.0009881422924901185,0.0013175230566534913,724.582293870224
joeslicklive3,48.0,248.0,4.0,1.0,0.0,0.0,0.0009881422924901185,0.0009881422924901185,724.4591903290514
uzlevi,58.0,197.0,45.0,1.0,0.0,0.0,0.0009881422924901185,0.0009881422924901185,717.2604013290514
NoEscapeFuture,47.0,241.0,0.0,0.0,1.0,0.0,0.0009881422924901185,0.002258610954263128,706.4519789878599
bharatsalave51,8.0,418.0,0.0,0.0,0.0,0.0,0.0009881422924901185,0.0027448397013614405,703.8773458819719
chanteuseaux,89.0,43.0,5.0,1.0,0.0,0.0,0.0009881422924901185,0.0009881422924901185,697.8917743290514
LindaLopez67,57.0,184.0,0.0,0.0,0.0,0.0,0.0009881422924901185,0.002258610954263128,689.13007398786
gary03729975,56.0,181.0,17.0,1.0,0.0,0.0,0.0009881422924901185,0.0009881422924901185,677.7356473290514
CloudF0475,75.0,89.0,0.0,0.0,0.0,0.0,0.0009881422924901185,0.0013175230566534913,669.713992870224
JohnnyHans99,41.0,237.0,23.0,1.0,0.0,0.0,0.0009881422924901185,0.0013175230566534913,658.1709288702241
helene_turp,18.0,326.0,96.0,1.0,0.0,0.0,0.0009881422924901185,0.0027448397013614405,634.3232318819719
NataschaWiemer,68.0,96.0,74.0,1.0,0.0,0.0,0.0009881422924901185,0.0009881422924901185,632.4097103290513
EarthArmy143,29.0,256.0,22.0,1.0,0.0,0.0,0.0009881422924901185,0.0009881422924901185,602.4570913290515
MarioV131313,18.0,305.0,45.0,1.0,0.0,0.0,0.0009881422924901185,0.0027448397013614405,600.774330881972
ContraOg,57.0,109.0,0.0,0.0,0.0,0.0,0.0009881422924901185,0.002258610954263128,573.01844898786
SanctionedUn,36.0,202.0,63.0,1.0,0.0,0.0,0.0009881422924901185,0.0013175230566534913,569.337878870224
DjTolerant,25.0,246.0,114.0,1.0,0.0,0.0,0.0009881422924901185,0.002258610954263128,560.4817519878599
tamu_ASD,38.0,166.0,680.0,1.0,0.0,0.0,0.0009881422924901185,0.002258610954263128,540.34499698786
MemeJedi71,60.0,72.0,1.0,0.0,0.0,0.0,0.0009881422924901185,0.0009881422924901185,537.0303883290514
olevolle22,46.0,126.0,16.0,1.0,0.0,0.0,0.0009881422924901185,0.0013175230566534913,521.6447668702241
r__a__u__l,32.0,185.0,78.5,1.0,0.0,0.0,0.0009881422924901185,0.002258610954263128,514.9680649878601
XAEA129,32.0,176.0,13.75,0.75,0.25,0.0,0.0009881422924901185,0.002258610954263128,499.71726648785994
pilthon666,46.0,106.0,45.0,1.0,0.0,0.0,0.0009881422924901185,0.0013175230566534913,491.271700870224
JohonanG,47.0,98.0,12.0,1.0,0.0,0.0,0.0009881422924901185,0.002258610954263128,485.3099659878599
WSickner,31.0,170.0,27.0,1.0,0.0,0.0,0.0009881422924901185,0.002258610954263128,483.6056279878599
Sergij_82,12.0,245.0,50.0,1.0,0.0,0.0,0.0009881422924901185,0.0027448397013614405,465.43300288197184
JohnnyL55189795,61.0,12.0,0.0,0.0,1.0,0.0,0.0009881422924901185,0.0013175230566534913,451.2139558702239
bg105ec131,2.0,263.0,83.0,1.0,0.0,0.0,0.0009881422924901185,0.0017786561264822131,423.0455806278656
95_jp11f,23.0,166.0,10.0,1.0,0.0,0.0,0.0009881422924901185,0.0017786561264822131,420.32744062786554
Soulz7,38.0,92.0,12.0,1.0,0.0,0.0,0.0009881422924901185,0.002258610954263128,412.19039898785996
misky_ne,41.0,77.0,4.0,1.0,0.0,0.0,0.0009881422924901185,0.0013175230566534913,410.07955487022394
AnneAnton3,22.0,163.0,16.0,1.0,0.0,0.0,0.0009881422924901185,0.0017786561264822131,408.7127586278656
luneplume67,42.0,68.0,27.0,1.0,0.0,0.0,0.0009881422924901185,0.0013175230566534913,403.706410870224
Saurav32693011,20.0,168.0,38.666666666666664,1.0,0.0,0.0,0.0009881422924901185,0.0013175230566534913,402.7288348702239
Hike150Hike,53.0,12.0,0.0,0.0,0.0,0.0,0.0009881422924901185,0.0013175230566534913,394.47561187022393
yusr18413764,39.0,74.0,0.0,0.0,0.0,0.0,0.0009881422924901185,0.0013175230566534913,391.16911987022394
alizavedd,20.0,153.0,27.0,1.0,0.0,0.0,0.0009881422924901185,0.0013175230566534913,379.26913987022397
LJoRuo,23.0,138.0,63.0,1.0,0.0,0.0,0.0009881422924901185,0.0017786561264822131,378.05743862786557
fyngy,22.0,140.0,80.0,1.0,0.0,0.0,0.0009881422924901185,0.0017786561264822131,374.40733762786556
VladimrB3,43.0,35.0,5.0,1.0,0.0,0.0,0.0009881422924901185,0.0013175230566534913,359.261976870224
Mathura25,9.0,189.0,17.0,1.0,0.0,0.0,0.0009881422924901185,0.0017786561264822131,356.7853256278656
ngNguynVitAnh2,25.0,112.0,3.0,1.0,0.0,0.0,0.0009881422924901185,0.002258610954263128,350.77057598785996
SandroTorotadze,5.0,194.0,304.0,1.0,0.0,0.0,0.0009881422924901185,0.0017786561264822131,341.99623062786554
CollectiveAWorx,38.0,46.0,1.0,1.0,0.0,0.0,0.0009881422924901185,0.002258610954263128,340.75146298785995
Riaca8,18.0,124.0,0.0,0.0,0.0,0.0,0.0009881422924901185,0.0027448397013614405,319.64270588197184
BalmikiSah19,7.0,173.0,17.0,1.0,0.0,0.0,0.0009881422924901185,0.0017786561264822131,317.8302596278656
NaukatN,13.0,145.0,18.5,1.0,0.0,0.0,0.0009881422924901185,0.0013175230566534913,317.0649078702239
Tammy42460323,32.0,52.0,406.0,1.0,0.0,0.0,0.0009881422924901185,0.002258610954263128,315.7267649878599
MAMARTINEZNica,40.0,18.0,1.0,1.0,0.0,0.0,0.0009881422924901185,0.0009881422924901185,311.5841583290514
ReturnGonz,23.0,82.0,62.0,1.0,0.0,0.0,0.0009881422924901185,0.0017786561264822131,291.3404126278656
Warrior__Witch,19.0,83.0,92.5,1.0,0.0,0.0,0.0009881422924901185,0.0032339202299676603,265.14401574613726
LaylaGorka,28.0,42.0,58.5,1.0,0.0,0.0,0.0009881422924901185,0.0009881422924901185,264.8022573290514
sergejlopotko,11.0,119.0,37.0,1.0,0.0,0.0,0.0009881422924901185,0.002258610954263128,263.00732298785994
Athoel_games,17.0,88.0,0.0,0.0,1.0,0.0,0.0009881422924901185,0.002258610954263128,256.81547398785995
BrandonLeopold3,32.0,19.0,0.0,0.0,0.0,0.0,0.0009881422924901185,0.002258610954263128,256.3771739878599
EklundElek,17.0,86.0,0.0,0.0,0.0,0.0,0.0009881422924901185,0.002258610954263128,253.71916398785996
Alexand08277427,25.0,48.0,0.0,0.0,0.0,0.0,0.0009881422924901185,0.002258610954263128,251.62761798785996
torontoshka,13.0,98.0,45.0,1.0,0.0,0.0,0.0009881422924901185,0.0013175230566534913,244.84079187022397
Wmadall,15.0,88.0,22.0,1.0,0.0,0.0,0.0009881422924901185,0.0013175230566534913,243.07586987022395
al_ga_ge,17.0,69.0,104.0,1.0,0.0,0.0,0.0009881422924901185,0.002258610954263128,229.51651298785995
rubenrpduarte,5.0,122.0,66.0,1.0,0.0,0.0,0.0009881422924901185,0.0017786561264822131,225.6867226278656
TomasRamanaus12,8.0,105.0,17.5,1.0,0.0,0.0,0.0009881422924901185,0.0027448397013614405,219.6608858819719
Deepika_014,7.0,103.0,10.0,1.0,0.0,0.0,0.0009881422924901185,0.0017786561264822131,209.3169876278656
tatersngravy_71,17.0,52.0,2.5,0.5,0.5,0.0,0.0009881422924901185,0.002258610954263128,201.13275898785997
shree89om,19.0,38.0,83.0,1.0,0.0,0.0,0.0009881422924901185,0.0032339202299676603,195.28375374613725
DevMalinovsky,21.0,27.0,16.0,1.0,0.0,0.0,0.0009881422924901185,0.0013175230566534913,191.07009687022398
UjjwalOmprakash,8.0,86.0,17.0,1.0,0.0,0.0,0.0009881422924901185,0.0027448397013614405,190.23576788197184
MarveOismaa,11.0,67.0,50.0,1.0,0.0,0.0,0.0009881422924901185,0.002258610954263128,182.76776098785996
OlehOstrowsky,22.0,14.0,110.0,1.0,0.0,0.0,0.0009881422924901185,0.0017786561264822131,179.95018762786557
NewsExplorerFr,25.0,0.0,0.0,0.0,0.0,0.0,0.0009881422924901185,0.002258610954263128,177.31617798785996
ahlbaytrevive,19.0,26.0,0.0,0.0,1.0,0.0,0.0009881422924901185,0.0032339202299676603,175.01717574613724
Irina19388547,21.0,14.0,12.0,1.0,0.0,0.0,0.0009881422924901185,0.0013175230566534913,170.862697870224
GERMANS57341712,3.0,87.0,109.0,1.0,0.0,0.0,0.0009881422924901185,0.0032339202299676603,158.19565674613725
VygantasP,9.0,59.0,1.0,1.0,0.0,0.0,0.0009881422924901185,0.0017786561264822131,155.1996396278656
canvasman_,11.0,49.0,0.0,0.0,1.0,0.0,0.0009881422924901185,0.002258610954263128,153.88367098785997
4kVideoUAVs,18.0,14.0,0.0,0.0,0.0,0.0,0.0009881422924901185,0.0027448397013614405,149.34565588197188
silentbob515,19.0,7.0,9.0,1.0,0.0,0.0,0.0009881422924901185,0.0032339202299676603,145.78534474613724
kakabocharovka,15.0,25.0,0.0,0.0,0.0,0.0,0.0009881422924901185,0.0013175230566534913,145.09449287022397
stephanwinter6,12.0,37.0,8.0,1.0,0.0,0.0,0.0009881422924901185,0.0027448397013614405,142.56223088197189
LueJack3,7.0,57.0,87.0,1.0,0.0,0.0,0.0009881422924901185,0.0017786561264822131,139.6684996278656
ak999222,2.0,79.0,0.0,0.0,0.0,0.0,0.0009881422924901185,0.0017786561264822131,136.4963426278656
ErgaOmn72429636,12.0,33.0,0.0,1.0,0.0,0.0,0.0009881422924901185,0.0027448397013614405,136.20684288197188
jyukaku0,6.0,57.0,130.0,1.0,0.0,0.0,0.0009881422924901185,0.0027448397013614405,133.45378488197187
ShivkumarPogul,3.0,72.0,17.0,1.0,0.0,0.0,0.0009881422924901185,0.0032339202299676603,133.10149974613722
amraiza_anil,4.0,66.0,0.0,0.0,0.0,0.0,0.0009881422924901185,0.0017786561264822131,130.5549136278656
YATENDR76790283,4.0,64.0,17.0,1.0,0.0,0.0,0.0009881422924901185,0.0017786561264822131,127.8044856278656
putinsosihuilo,6.0,45.0,37.0,1.0,0.0,0.0,0.0009881422924901185,0.0027448397013614405,112.98374688197188
GBOM_GCHE_lv,12.0,9.0,328.0,1.0,0.0,0.0,0.0009881422924901185,0.0027448397013614405,105.7246108819719
SaadaanT,12.0,5.0,12.666666666666666,1.0,0.0,0.0,0.0009881422924901185,0.0027448397013614405,93.11621888197188
Ezraleo2,1.0,54.0,25.0,1.0,0.0,0.0,0.0009881422924901185,0.0017786561264822131,91.20882462786561
merouseer,8.0,22.0,0.0,0.0,0.0,0.0,0.0009881422924901185,0.0027448397013614405,90.80796588197188
thepotatoemoji,11.0,1.0,0.0,0.0,0.0,0.0,0.0009881422924901185,0.002258610954263128,79.57223098785994
PhileasFogg82,3.0,31.0,1.0,1.0,0.0,0.0,0.0009881422924901185,0.0032339202299676603,69.30160874613726
Ravinde64130517,4.0,25.0,83.0,1.0,0.0,0.0,0.0009881422924901185,0.0017786561264822131,68.76927662786561
GhoulPanza,3.0,30.0,36.5,1.0,0.0,0.0,0.0009881422924901185,0.0032339202299676603,68.47573674613727
TwoSentenceHorr,9.0,1.0,0.0,0.0,0.0,0.0,0.0009881422924901185,0.0017786561264822131,65.3863036278656
VladaRudenko,8.0,2.0,13.0,1.0,0.0,0.0,0.0009881422924901185,0.0027448397013614405,60.109363881971895
tugasmatkul23,3.0,23.0,1.0,0.5,0.0,0.0,0.0009881422924901185,0.0032339202299676603,56.916368746137266
ooa102774,6.0,8.0,0.0,0.0,0.0,0.0,0.0009881422924901185,0.0027448397013614405,54.94920988197189
EtheriousHully,6.0,2.0,0.0,0.0,0.0,0.0,0.0009881422924901185,0.0027448397013614405,45.660279881971896
Santin16Giorgio,3.0,12.0,0.0,0.0,1.0,0.0,0.0009881422924901185,0.0032339202299676603,39.86631774613726
hadiaBuinessGlb,2.0,16.0,0.0,0.0,0.0,0.0,0.0009881422924901185,0.0017786561264822131,38.96257762786561
Exempl_o,5.0,2.0,0.0,0.0,0.0,0.0,0.0009881422924901185,0.0017786561264822131,38.56528662786561
Nonejm16,0.0,24.0,50.666666666666664,1.0,0.0,0.0,0.0009881422924901185,0.0032339202299676603,38.198162746137264
britneywright30,0.0,23.0,0.0,0.0,0.0,0.0,0.0009881422924901185,0.0032339202299676603,35.61914374613726
RehmanK62954944,1.0,16.0,40.0,1.0,0.0,0.0,0.0009881422924901185,0.0017786561264822131,32.68412462786561
Communi05841895,0.0,11.0,8.0,1.0,0.0,0.0,0.0009881422924901185,0.0032339202299676603,17.204051746137264
TegarAryanto9,0.0,10.0,0.0,0.0,0.0,0.0,0.0009881422924901185,0.0032339202299676603,15.49312874613726
YarikWp,1.0,5.0,0.0,0.0,0.0,0.0,0.0009881422924901185,0.0017786561264822131,14.840579627865612
RahulSr48474708,0.0,8.0,8.0,1.0,0.0,0.0,0.0009881422924901185,0.0032339202299676603,12.559586746137262
rohanku67440943,0.0,5.0,23.0,1.0,0.0,0.0,0.0009881422924901185,0.0032339202299676603,8.220311746137261
